Name;Description;Ingredients;Preparation;Calories_kcal
Pasta - Tomaten-Zucchini-Pasta mit Hähnchen;Sättigende Pasta mit Tomatensauce, Gemüse und magerem Hähnchen.;Teigwaren eifrei, roh:110|Olivenöl:10|Speisezwiebel roh:50|Knoblauch roh:5|Tomaten passiert/Tomatenpüree:180|Tomatenmark:15|Zucchini roh:90|Gemüsepaprika rot, roh:70|Hähnchen Brust, ohne Haut, roh:120|Mozzarella mind. 45 % Fett i. Tr.:25|Speisesalz/Siedesalz/Tafelsalz:2|Pfeffer schwarz, getrocknet:1;Pasta in Salzwasser bissfest kochen und etwas Kochwasser aufheben.<br>Gemüse und Protein vorbereiten.<br>Zwiebel und Knoblauch in Öl anschwitzen.<br>Gemüse zugeben und garen, dann Sauce oder Tomaten einrühren.<br>Pasta unterheben und mit etwas Kochwasser cremig ziehen lassen.<br>Abschmecken und servieren.<br>Kalorien: ca. 800 kcal.;800
Pasta - Vollkornpasta mit Lachs und Spinat;Cremige Vollkornpasta mit Lachs, Spinat und etwas Sahne.;Vollkornteigwaren eifrei, roh:100|Olivenöl:8|Speisezwiebel roh:40|Knoblauch roh:5|Spinat roh:120|Lachs roh:120|Schlagsahne mind. 30 % Fett:40|Parmesan mind. 30 % Fett i. Tr.:15|Zitronensaft:10|Speisesalz/Siedesalz/Tafelsalz:2|Pfeffer schwarz, getrocknet:1;Pasta in Salzwasser bissfest kochen und etwas Kochwasser aufheben.<br>Gemüse und Protein vorbereiten.<br>Zwiebel und Knoblauch in Öl anschwitzen.<br>Gemüse zugeben und garen, dann Sauce oder Tomaten einrühren.<br>Pasta unterheben und mit etwas Kochwasser cremig ziehen lassen.<br>Abschmecken und servieren.<br>Kalorien: ca. 870 kcal.;870
Pasta - Champignon-Erbsen-Pasta;Vegetarische Pasta mit Champignons, Erbsen und Gouda.;Teigwaren eifrei, roh:105|Olivenöl:10|Speisezwiebel roh:50|Knoblauch roh:5|Champignon roh:150|Erbse grün, tiefgefroren:90|Milch fettarm, frisch, 1,5 % Fett, pasteurisiert:120|Gouda 48 % Fett i. Tr.:30|Speisesalz/Siedesalz/Tafelsalz:2|Pfeffer schwarz, getrocknet:1;Pasta in Salzwasser bissfest kochen und etwas Kochwasser aufheben.<br>Gemüse und Protein vorbereiten.<br>Zwiebel und Knoblauch in Öl anschwitzen.<br>Gemüse zugeben und garen, dann Sauce oder Tomaten einrühren.<br>Pasta unterheben und mit etwas Kochwasser cremig ziehen lassen.<br>Abschmecken und servieren.<br>Kalorien: ca. 760 kcal.;760
Pasta - Thunfisch-Tomaten-Pasta;Schnelle Pasta mit Thunfisch, Tomate und Rucola.;Teigwaren eifrei, roh:110|Olivenöl:8|Speisezwiebel roh:50|Knoblauch roh:5|Tomaten passiert/Tomatenpüree:200|Thunfisch im eigenen Saft, Konserve, abgetropft:120|Rucola roh:40|Oliven geschwärzt, in Salzlake, abgetropft:30|Speisesalz/Siedesalz/Tafelsalz:2|Pfeffer schwarz, getrocknet:1;Pasta in Salzwasser bissfest kochen und etwas Kochwasser aufheben.<br>Gemüse und Protein vorbereiten.<br>Zwiebel und Knoblauch in Öl anschwitzen.<br>Gemüse zugeben und garen, dann Sauce oder Tomaten einrühren.<br>Pasta unterheben und mit etwas Kochwasser cremig ziehen lassen.<br>Abschmecken und servieren.<br>Kalorien: ca. 700 kcal.;700
Pasta - Vegane Linsen-Bolognese;Pflanzliche Bolognese mit roten Linsen und Gemüse.;Vollkornteigwaren eifrei, roh:100|Olivenöl:10|Speisezwiebel roh:60|Knoblauch roh:5|Karotte/Möhre, roh:80|Bleichsellerie roh:60|Tomaten passiert/Tomatenpüree:220|Tomatenmark:20|Linse rot reif:70|Speisesalz/Siedesalz/Tafelsalz:2|Pfeffer schwarz, getrocknet:1;Pasta in Salzwasser bissfest kochen und etwas Kochwasser aufheben.<br>Gemüse und Protein vorbereiten.<br>Zwiebel und Knoblauch in Öl anschwitzen.<br>Gemüse zugeben und garen, dann Sauce oder Tomaten einrühren.<br>Pasta unterheben und mit etwas Kochwasser cremig ziehen lassen.<br>Abschmecken und servieren.<br>Kalorien: ca. 830 kcal.;830
Pasta - Broccoli-Feta-Pasta;Herzhafte Pasta mit Broccoli, Feta und Zitronennote.;Teigwaren eifrei, roh:105|Olivenöl:10|Knoblauch roh:5|Broccoli roh:160|Feta mind. 45 % Fett i. Tr.:50|Joghurt mild, mind. 3,5 % Fett:80|Zitronensaft:10|Speisesalz/Siedesalz/Tafelsalz:2|Pfeffer schwarz, getrocknet:1;Pasta in Salzwasser bissfest kochen und etwas Kochwasser aufheben.<br>Gemüse und Protein vorbereiten.<br>Zwiebel und Knoblauch in Öl anschwitzen.<br>Gemüse zugeben und garen, dann Sauce oder Tomaten einrühren.<br>Pasta unterheben und mit etwas Kochwasser cremig ziehen lassen.<br>Abschmecken und servieren.<br>Kalorien: ca. 720 kcal.;720
Bowl - Quinoa-Kichererbsen-Bowl;Frische Bowl mit Quinoa, Kichererbsen und Avocado.;Quinoa weiß, roh:80|Kichererbse reif, Konserve, abgetropft:130|Avocado roh:70|Gurke roh:100|Tomate roh:120|Rucola roh:35|Olivenöl:10|Zitronensaft:12|Speisesalz/Siedesalz/Tafelsalz:2|Pfeffer schwarz, getrocknet:1;Getreide oder Sättigungsbeilage nach Packungsangabe garen.<br>Gemüse waschen und mundgerecht schneiden.<br>Protein anbraten oder erwärmen.<br>Alles in einer Schüssel anrichten.<br>Dressing aus Öl, Säure und Würzzutaten verrühren und darübergeben.<br>Kalorien: ca. 700 kcal.;700
Bowl - Reis-Hähnchen-Bowl;Reis-Bowl mit Hähnchen, Paprika und Broccoli.;Reis parboiled, poliert, roh:85|Hähnchen Brust, ohne Haut, roh:130|Broccoli roh:140|Gemüsepaprika gelb, roh:90|Sojasauce/Sojasoße:15|Rapsöl/Rüböl:10|Knoblauch roh:5|Pfeffer schwarz, getrocknet:1;Getreide oder Sättigungsbeilage nach Packungsangabe garen.<br>Gemüse waschen und mundgerecht schneiden.<br>Protein anbraten oder erwärmen.<br>Alles in einer Schüssel anrichten.<br>Dressing aus Öl, Säure und Würzzutaten verrühren und darübergeben.<br>Kalorien: ca. 610 kcal.;610
Bowl - Bulgur-Feta-Bowl;Mediterrane Bowl mit Bulgur, Feta und Gemüse.;Bulgur (Hartweizen) roh:85|Feta mind. 45 % Fett i. Tr.:60|Gurke roh:100|Tomate roh:120|Gemüsepaprika rot, roh:80|Oliven grün, gesäuert, abgetropft:35|Olivenöl:10|Zitronensaft:10|Speisesalz/Siedesalz/Tafelsalz:2|Pfeffer schwarz, getrocknet:1;Getreide oder Sättigungsbeilage nach Packungsangabe garen.<br>Gemüse waschen und mundgerecht schneiden.<br>Protein anbraten oder erwärmen.<br>Alles in einer Schüssel anrichten.<br>Dressing aus Öl, Säure und Würzzutaten verrühren und darübergeben.<br>Kalorien: ca. 680 kcal.;680
Bowl - Wildreis-Lachs-Bowl;Nährstoffreiche Bowl mit Wildreis, Lachs und Spinat.;Wildreis roh:80|Lachs roh:130|Spinat roh:100|Avocado roh:60|Gurke roh:80|Sojasauce/Sojasoße:12|Sesam:8|Rapsöl/Rüböl:8;Getreide oder Sättigungsbeilage nach Packungsangabe garen.<br>Gemüse waschen und mundgerecht schneiden.<br>Protein anbraten oder erwärmen.<br>Alles in einer Schüssel anrichten.<br>Dressing aus Öl, Säure und Würzzutaten verrühren und darübergeben.<br>Kalorien: ca. 760 kcal.;760
Bowl - Couscous-Garnelen-Bowl;Leichte Couscous-Bowl mit Garnelen und Gemüse.;Couscous (Hartweizen) roh:85|Garnele/Granat/Krabbe, roh:140|Zucchini roh:100|Gemüsepaprika grün, roh:80|Tomate roh:100|Olivenöl:10|Limette roh:30|Speisesalz/Siedesalz/Tafelsalz:2|Pfeffer schwarz, getrocknet:1;Getreide oder Sättigungsbeilage nach Packungsangabe garen.<br>Gemüse waschen und mundgerecht schneiden.<br>Protein anbraten oder erwärmen.<br>Alles in einer Schüssel anrichten.<br>Dressing aus Öl, Säure und Würzzutaten verrühren und darübergeben.<br>Kalorien: ca. 600 kcal.;600
Bowl - Süßkartoffel-Tofu-Bowl;Vegane Bowl mit gerösteter Süßkartoffel und Tofu.;Batate/Süßkartoffel, roh:220|Tofu:140|Feldsalat/Rapunzel, roh:60|Kichererbse reif, Konserve, abgetropft:100|Tahin (Sesammus):20|Zitronensaft:12|Rapsöl/Rüböl:10|Speisesalz/Siedesalz/Tafelsalz:2|Pfeffer schwarz, getrocknet:1;Getreide oder Sättigungsbeilage nach Packungsangabe garen.<br>Gemüse waschen und mundgerecht schneiden.<br>Protein anbraten oder erwärmen.<br>Alles in einer Schüssel anrichten.<br>Dressing aus Öl, Säure und Würzzutaten verrühren und darübergeben.<br>Kalorien: ca. 790 kcal.;790
Normale Pizza - Margherita;Klassische Pizza mit Tomatensauce, Mozzarella und Basilikum.;Hefeteig für Pizza/Pizzateig, roh:250|Tomaten passiert/Tomatenpüree:120|Tomatenmark:10|Mozzarella mind. 45 % Fett i. Tr.:90|Basilikum roh:10|Olivenöl:5|Speisesalz/Siedesalz/Tafelsalz:2|Pfeffer schwarz, getrocknet:1;Backofen auf 220 °C vorheizen.<br>Pizzateig ausrollen und mit Tomatensauce bestreichen.<br>Belag gleichmäßig verteilen und Käse darübergeben.<br>Pizza 12 bis 18 Minuten backen, bis der Rand knusprig ist.<br>Kurz ruhen lassen und schneiden.<br>Kalorien: ca. 940 kcal.;940
Normale Pizza - Salami-Champignon;Herzhafte Pizza mit Salami, Champignons und Käse.;Hefeteig für Pizza/Pizzateig, roh:250|Tomaten passiert/Tomatenpüree:120|Mozzarella mind. 45 % Fett i. Tr.:80|Salami:50|Champignon roh:90|Speisezwiebel roh:30|Olivenöl:5|Speisesalz/Siedesalz/Tafelsalz:2|Pfeffer schwarz, getrocknet:1;Backofen auf 220 °C vorheizen.<br>Pizzateig ausrollen und mit Tomatensauce bestreichen.<br>Belag gleichmäßig verteilen und Käse darübergeben.<br>Pizza 12 bis 18 Minuten backen, bis der Rand knusprig ist.<br>Kurz ruhen lassen und schneiden.<br>Kalorien: ca. 1120 kcal.;1120
Normale Pizza - Thunfisch-Zwiebel;Saftige Pizza mit Thunfisch, Zwiebeln und Oliven.;Hefeteig für Pizza/Pizzateig, roh:250|Tomaten passiert/Tomatenpüree:120|Mozzarella mind. 45 % Fett i. Tr.:80|Thunfisch im eigenen Saft, Konserve, abgetropft:100|Speisezwiebel roh:60|Oliven grün, gesäuert, abgetropft:30|Olivenöl:5|Speisesalz/Siedesalz/Tafelsalz:2|Pfeffer schwarz, getrocknet:1;Backofen auf 220 °C vorheizen.<br>Pizzateig ausrollen und mit Tomatensauce bestreichen.<br>Belag gleichmäßig verteilen und Käse darübergeben.<br>Pizza 12 bis 18 Minuten backen, bis der Rand knusprig ist.<br>Kurz ruhen lassen und schneiden.<br>Kalorien: ca. 1050 kcal.;1050
Normale Pizza - Hähnchen-Paprika;Proteinreiche Pizza mit Hähnchen und Paprika.;Hefeteig für Pizza/Pizzateig, roh:250|Tomaten passiert/Tomatenpüree:120|Mozzarella mind. 45 % Fett i. Tr.:80|Hähnchen Brust, ohne Haut, roh:100|Gemüsepaprika rot, roh:80|Zucchini roh:60|Olivenöl:5|Speisesalz/Siedesalz/Tafelsalz:2|Pfeffer schwarz, getrocknet:1;Backofen auf 220 °C vorheizen.<br>Pizzateig ausrollen und mit Tomatensauce bestreichen.<br>Belag gleichmäßig verteilen und Käse darübergeben.<br>Pizza 12 bis 18 Minuten backen, bis der Rand knusprig ist.<br>Kurz ruhen lassen und schneiden.<br>Kalorien: ca. 1050 kcal.;1050
Normale Pizza - Spinat-Feta;Vegetarische Pizza mit Spinat, Feta und Tomate.;Hefeteig für Pizza/Pizzateig, roh:250|Tomaten passiert/Tomatenpüree:120|Mozzarella mind. 45 % Fett i. Tr.:60|Feta mind. 45 % Fett i. Tr.:60|Spinat roh:90|Tomate roh:80|Olivenöl:5|Speisesalz/Siedesalz/Tafelsalz:2|Pfeffer schwarz, getrocknet:1;Backofen auf 220 °C vorheizen.<br>Pizzateig ausrollen und mit Tomatensauce bestreichen.<br>Belag gleichmäßig verteilen und Käse darübergeben.<br>Pizza 12 bis 18 Minuten backen, bis der Rand knusprig ist.<br>Kurz ruhen lassen und schneiden.<br>Kalorien: ca. 1050 kcal.;1050
Normale Pizza - Lachs-Rucola;Pizza mit Lachs, Rucola und leichter Zitronennote.;Hefeteig für Pizza/Pizzateig, roh:250|Frischkäsezubereitung Natur, mind. 60 % Fett i. Tr.:50|Mozzarella mind. 45 % Fett i. Tr.:60|Lachs geräuchert (Räucherlachs):80|Rucola roh:40|Zitronensaft:10|Olivenöl:5|Pfeffer schwarz, getrocknet:1;Backofen auf 220 °C vorheizen.<br>Pizzateig ausrollen und mit Tomatensauce bestreichen.<br>Belag gleichmäßig verteilen und Käse darübergeben.<br>Pizza 12 bis 18 Minuten backen, bis der Rand knusprig ist.<br>Kurz ruhen lassen und schneiden.<br>Kalorien: ca. 1090 kcal.;1090
Vegane Pizza - Gemüse-Mozzarella-Art;Vegane Pizza mit buntem Gemüse und Käsealternative.;Hefeteig für Pizza/Pizzateig, roh:250|Tomaten passiert/Tomatenpüree:130|Käsealternative Mozzarella-Art, vegan:80|Zucchini roh:90|Gemüsepaprika gelb, roh:80|Champignon roh:80|Olivenöl:5|Speisesalz/Siedesalz/Tafelsalz:2|Pfeffer schwarz, getrocknet:1;Backofen auf 220 °C vorheizen.<br>Pizzateig ausrollen und mit Tomatensauce bestreichen.<br>Gemüse und pflanzliche Proteinquelle verteilen.<br>Vegane Käsealternative darübergeben.<br>Pizza 12 bis 18 Minuten knusprig backen.<br>Kalorien: ca. 910 kcal.;910
Vegane Pizza - Tofu-Spinat;Vegane Pizza mit Tofu, Spinat und Tomatensauce.;Hefeteig für Pizza/Pizzateig, roh:250|Tomaten passiert/Tomatenpüree:130|Käsealternative Mozzarella-Art, vegan:70|Tofu:100|Spinat roh:90|Speisezwiebel roh:40|Olivenöl:5|Speisesalz/Siedesalz/Tafelsalz:2|Pfeffer schwarz, getrocknet:1;Backofen auf 220 °C vorheizen.<br>Pizzateig ausrollen und mit Tomatensauce bestreichen.<br>Gemüse und pflanzliche Proteinquelle verteilen.<br>Vegane Käsealternative darübergeben.<br>Pizza 12 bis 18 Minuten knusprig backen.<br>Kalorien: ca. 970 kcal.;970
Vegane Pizza - Kichererbsen-Paprika;Vegane Pizza mit Kichererbsen, Paprika und Rucola.;Hefeteig für Pizza/Pizzateig, roh:250|Tomaten passiert/Tomatenpüree:130|Käsealternative Mozzarella-Art, vegan:70|Kichererbse reif, Konserve, abgetropft:100|Gemüsepaprika rot, roh:90|Rucola roh:30|Olivenöl:5|Speisesalz/Siedesalz/Tafelsalz:2|Pfeffer schwarz, getrocknet:1;Backofen auf 220 °C vorheizen.<br>Pizzateig ausrollen und mit Tomatensauce bestreichen.<br>Gemüse und pflanzliche Proteinquelle verteilen.<br>Vegane Käsealternative darübergeben.<br>Pizza 12 bis 18 Minuten knusprig backen.<br>Kalorien: ca. 1000 kcal.;1000
Vegane Pizza - Aubergine-Tomate;Aromatische vegane Pizza mit Aubergine und Tomaten.;Hefeteig für Pizza/Pizzateig, roh:250|Tomaten passiert/Tomatenpüree:130|Käsealternative Mozzarella-Art, vegan:75|Aubergine roh:110|Tomate roh:90|Basilikum roh:10|Olivenöl:5|Speisesalz/Siedesalz/Tafelsalz:2|Pfeffer schwarz, getrocknet:1;Backofen auf 220 °C vorheizen.<br>Pizzateig ausrollen und mit Tomatensauce bestreichen.<br>Gemüse und pflanzliche Proteinquelle verteilen.<br>Vegane Käsealternative darübergeben.<br>Pizza 12 bis 18 Minuten knusprig backen.<br>Kalorien: ca. 880 kcal.;880
Vegane Pizza - Broccoli-Mais;Vegane Pizza mit Broccoli, Mais und Paprika.;Hefeteig für Pizza/Pizzateig, roh:250|Tomaten passiert/Tomatenpüree:130|Käsealternative Mozzarella-Art, vegan:75|Broccoli roh:100|Zuckermais Konserve, abgetropft:70|Gemüsepaprika grün, roh:70|Olivenöl:5|Speisesalz/Siedesalz/Tafelsalz:2|Pfeffer schwarz, getrocknet:1;Backofen auf 220 °C vorheizen.<br>Pizzateig ausrollen und mit Tomatensauce bestreichen.<br>Gemüse und pflanzliche Proteinquelle verteilen.<br>Vegane Käsealternative darübergeben.<br>Pizza 12 bis 18 Minuten knusprig backen.<br>Kalorien: ca. 950 kcal.;950
Vegane Pizza - Vollkorn-Pilz;Vegane Vollkornpizza mit Pilzen und Zwiebeln.;Vollkornhefeteig für Pizza/Vollkornpizzateig, roh:250|Tomaten passiert/Tomatenpüree:130|Käsealternative Mozzarella-Art, vegan:75|Champignon roh:120|Shiitakepilz roh:70|Speisezwiebel roh:50|Olivenöl:5|Speisesalz/Siedesalz/Tafelsalz:2|Pfeffer schwarz, getrocknet:1;Backofen auf 220 °C vorheizen.<br>Pizzateig ausrollen und mit Tomatensauce bestreichen.<br>Gemüse und pflanzliche Proteinquelle verteilen.<br>Vegane Käsealternative darübergeben.<br>Pizza 12 bis 18 Minuten knusprig backen.<br>Kalorien: ca. 920 kcal.;920
Curry - Kichererbsen-Kokos-Curry;Veganes Kokoscurry mit Kichererbsen und Gemüse.;Reis poliert, roh:85|Kichererbse reif, Konserve, abgetropft:160|Kokosmilch/Kokosnussmilch:180|Speisezwiebel roh:50|Knoblauch roh:5|Ingwer/Ingwerwurzel, roh:8|Zucchini roh:100|Gemüsepaprika rot, roh:80|Kokos-Currysauce vegan:60|Rapsöl/Rüböl:10|Limette roh:30;Reis oder Beilage nach Packungsangabe garen.<br>Zwiebel, Knoblauch und Ingwer in Öl anschwitzen.<br>Gemüse und Protein zugeben und kurz anbraten.<br>Kokosmilch oder Currysauce einrühren und 10 bis 15 Minuten köcheln lassen.<br>Mit Limette oder Zitronensaft abschmecken und servieren.<br>Kalorien: ca. 1210 kcal.;1210
Curry - Hähnchen-Curry mit Reis;Mildes Hähnchencurry mit Kokosmilch, Reis und Gemüse.;Reis parboiled, poliert, roh:85|Hähnchen Brust, ohne Haut, roh:140|Kokosmilch/Kokosnussmilch:160|Currysauce indisch:80|Speisezwiebel roh:50|Knoblauch roh:5|Broccoli roh:120|Karotte/Möhre, roh:80|Rapsöl/Rüböl:10|Speisesalz/Siedesalz/Tafelsalz:2;Reis oder Beilage nach Packungsangabe garen.<br>Zwiebel, Knoblauch und Ingwer in Öl anschwitzen.<br>Gemüse und Protein zugeben und kurz anbraten.<br>Kokosmilch oder Currysauce einrühren und 10 bis 15 Minuten köcheln lassen.<br>Mit Limette oder Zitronensaft abschmecken und servieren.<br>Kalorien: ca. 1040 kcal.;1040
Curry - Linsen-Spinat-Curry;Sättigendes Linsencurry mit Spinat und Tomate.;Reis poliert, roh:80|Linse rot reif:80|Kokosmilch/Kokosnussmilch:160|Tomaten passiert/Tomatenpüree:160|Spinat roh:120|Speisezwiebel roh:50|Knoblauch roh:5|Ingwer/Ingwerwurzel, roh:8|Rapsöl/Rüböl:10|Speisesalz/Siedesalz/Tafelsalz:2|Pfeffer schwarz, getrocknet:1;Reis oder Beilage nach Packungsangabe garen.<br>Zwiebel, Knoblauch und Ingwer in Öl anschwitzen.<br>Gemüse und Protein zugeben und kurz anbraten.<br>Kokosmilch oder Currysauce einrühren und 10 bis 15 Minuten köcheln lassen.<br>Mit Limette oder Zitronensaft abschmecken und servieren.<br>Kalorien: ca. 1100 kcal.;1100
Curry - Garnelen-Mango-Curry;Fruchtiges Curry mit Garnelen, Mango und Kokosmilch.;Reis poliert, roh:85|Garnele/Granat/Krabbe, roh:150|Mango roh:120|Kokosmilch/Kokosnussmilch:160|Currysauce indisch:70|Speisezwiebel roh:40|Ingwer/Ingwerwurzel, roh:8|Rapsöl/Rüböl:10|Limette roh:30|Speisesalz/Siedesalz/Tafelsalz:2;Reis oder Beilage nach Packungsangabe garen.<br>Zwiebel, Knoblauch und Ingwer in Öl anschwitzen.<br>Gemüse und Protein zugeben und kurz anbraten.<br>Kokosmilch oder Currysauce einrühren und 10 bis 15 Minuten köcheln lassen.<br>Mit Limette oder Zitronensaft abschmecken und servieren.<br>Kalorien: ca. 1030 kcal.;1030
Curry - Tofu-Erdnuss-Curry;Veganes Curry mit Tofu, Gemüse und Erdnussnote.;Reis parboiled, poliert, roh:80|Tofu:150|Kokosmilch/Kokosnussmilch:150|Erdnussbutter/Erdnusscreme:25|Kokos-Currysauce vegan:60|Broccoli roh:120|Gemüsepaprika gelb, roh:80|Speisezwiebel roh:50|Rapsöl/Rüböl:10;Reis oder Beilage nach Packungsangabe garen.<br>Zwiebel, Knoblauch und Ingwer in Öl anschwitzen.<br>Gemüse und Protein zugeben und kurz anbraten.<br>Kokosmilch oder Currysauce einrühren und 10 bis 15 Minuten köcheln lassen.<br>Mit Limette oder Zitronensaft abschmecken und servieren.<br>Kalorien: ca. 1220 kcal.;1220
Curry - Fisch-Curry mit Kabeljau;Leichtes Fischcurry mit Kabeljau, Zucchini und Kokosmilch.;Reis poliert, roh:85|Dorsch/Kabeljau, roh:160|Kokosmilch/Kokosnussmilch:160|Currysauce indisch:80|Zucchini roh:120|Tomate roh:100|Speisezwiebel roh:50|Knoblauch roh:5|Rapsöl/Rüböl:10|Zitronensaft:10;Reis oder Beilage nach Packungsangabe garen.<br>Zwiebel, Knoblauch und Ingwer in Öl anschwitzen.<br>Gemüse und Protein zugeben und kurz anbraten.<br>Kokosmilch oder Currysauce einrühren und 10 bis 15 Minuten köcheln lassen.<br>Mit Limette oder Zitronensaft abschmecken und servieren.<br>Kalorien: ca. 1000 kcal.;1000
Suppe - Kartoffel-Lauch-Suppe;Cremige Suppe mit Kartoffeln, Lauch und Gemüsebrühe.;Kartoffel geschält, roh:260|Porree/Lauch, roh:120|Speisezwiebel roh:50|Gemüsebrühe:450|Schlagsahne mind. 30 % Fett:40|Rapsöl/Rüböl:8|Speisesalz/Siedesalz/Tafelsalz:2|Pfeffer schwarz, getrocknet:1;Gemüse waschen, schälen und klein schneiden.<br>Zwiebel in Öl anschwitzen.<br>Gemüse zugeben, mit Brühe auffüllen und weich kochen.<br>Nach Wunsch pürieren oder stückig lassen.<br>Mit Salz und Pfeffer abschmecken und heiß servieren.<br>Kalorien: ca. 490 kcal.;490
Suppe - Tomaten-Reis-Suppe;Einfache Tomatensuppe mit Reis und Basilikum.;Tomaten passiert/Tomatenpüree:350|Reis poliert, roh:45|Speisezwiebel roh:50|Knoblauch roh:5|Gemüsebrühe:350|Tomatenmark:20|Olivenöl:8|Basilikum roh:8|Speisesalz/Siedesalz/Tafelsalz:2|Pfeffer schwarz, getrocknet:1;Gemüse waschen, schälen und klein schneiden.<br>Zwiebel in Öl anschwitzen.<br>Gemüse zugeben, mit Brühe auffüllen und weich kochen.<br>Nach Wunsch pürieren oder stückig lassen.<br>Mit Salz und Pfeffer abschmecken und heiß servieren.<br>Kalorien: ca. 390 kcal.;390
Suppe - Kürbis-Kokos-Suppe;Sämige Kürbissuppe mit Kokosmilch und Ingwer.;Kürbis Hokkaido (C. maxima) roh:300|Kokosmilch/Kokosnussmilch:140|Speisezwiebel roh:50|Ingwer/Ingwerwurzel, roh:8|Gemüsebrühe:350|Rapsöl/Rüböl:8|Zitronensaft:10|Speisesalz/Siedesalz/Tafelsalz:2|Pfeffer schwarz, getrocknet:1;Gemüse waschen, schälen und klein schneiden.<br>Zwiebel in Öl anschwitzen.<br>Gemüse zugeben, mit Brühe auffüllen und weich kochen.<br>Nach Wunsch pürieren oder stückig lassen.<br>Mit Salz und Pfeffer abschmecken und heiß servieren.<br>Kalorien: ca. 520 kcal.;520
Suppe - Linsen-Gemüse-Suppe;Herzhafte Linsensuppe mit Karotte und Sellerie.;Linse reif:80|Karotte/Möhre, roh:100|Knollensellerie roh:80|Speisezwiebel roh:50|Tomatenmark:15|Gemüsebrühe:500|Rapsöl/Rüböl:8|Speisesalz/Siedesalz/Tafelsalz:2|Pfeffer schwarz, getrocknet:1;Gemüse waschen, schälen und klein schneiden.<br>Zwiebel in Öl anschwitzen.<br>Gemüse zugeben, mit Brühe auffüllen und weich kochen.<br>Nach Wunsch pürieren oder stückig lassen.<br>Mit Salz und Pfeffer abschmecken und heiß servieren.<br>Kalorien: ca. 450 kcal.;450
Suppe - Broccoli-Käse-Suppe;Cremige Broccolisuppe mit Gouda.;Broccoli roh:260|Kartoffel geschält, roh:120|Speisezwiebel roh:50|Gemüsebrühe:420|Milch fettarm, frisch, 1,5 % Fett, pasteurisiert:150|Gouda 48 % Fett i. Tr.:45|Rapsöl/Rüböl:8|Speisesalz/Siedesalz/Tafelsalz:2|Pfeffer schwarz, getrocknet:1;Gemüse waschen, schälen und klein schneiden.<br>Zwiebel in Öl anschwitzen.<br>Gemüse zugeben, mit Brühe auffüllen und weich kochen.<br>Nach Wunsch pürieren oder stückig lassen.<br>Mit Salz und Pfeffer abschmecken und heiß servieren.<br>Kalorien: ca. 540 kcal.;540
Suppe - Hühner-Nudel-Suppe;Klassische Suppe mit Hähnchen, Nudeln und Gemüse.;Hähnchen Brust, ohne Haut, roh:120|Teigwaren eifrei, roh:55|Karotte/Möhre, roh:90|Porree/Lauch, roh:80|Knollensellerie roh:60|Hühnerbrühe:550|Speisesalz/Siedesalz/Tafelsalz:2|Pfeffer schwarz, getrocknet:1;Gemüse waschen, schälen und klein schneiden.<br>Zwiebel in Öl anschwitzen.<br>Gemüse zugeben, mit Brühe auffüllen und weich kochen.<br>Nach Wunsch pürieren oder stückig lassen.<br>Mit Salz und Pfeffer abschmecken und heiß servieren.<br>Kalorien: ca. 430 kcal.;430
Auflauf - Kartoffel-Broccoli-Auflauf;Cremiger Auflauf mit Kartoffeln, Broccoli und Käse.;Kartoffel geschält, roh:280|Broccoli roh:180|Milch fettarm, frisch, 1,5 % Fett, pasteurisiert:160|Schlagsahne mind. 30 % Fett:40|Gouda 48 % Fett i. Tr.:60|Speisezwiebel roh:40|Speisesalz/Siedesalz/Tafelsalz:2|Pfeffer schwarz, getrocknet:1;Backofen auf 190 °C vorheizen.<br>Sättigungsbeilage vorgaren und Gemüse vorbereiten.<br>Alles mit Sauce oder Milchprodukt in eine Form geben.<br>Mit Käse bestreuen und 25 bis 35 Minuten backen.<br>Vor dem Servieren kurz ruhen lassen.<br>Kalorien: ca. 730 kcal.;730
Auflauf - Nudel-Hack-Auflauf;Herzhafter Nudelauflauf mit Hackfleisch und Tomatensauce.;Teigwaren eifrei, roh:90|Rind Hackfleisch, roh:130|Tomaten passiert/Tomatenpüree:220|Tomatenmark:20|Mozzarella mind. 45 % Fett i. Tr.:60|Speisezwiebel roh:50|Knoblauch roh:5|Olivenöl:8|Speisesalz/Siedesalz/Tafelsalz:2|Pfeffer schwarz, getrocknet:1;Backofen auf 190 °C vorheizen.<br>Sättigungsbeilage vorgaren und Gemüse vorbereiten.<br>Alles mit Sauce oder Milchprodukt in eine Form geben.<br>Mit Käse bestreuen und 25 bis 35 Minuten backen.<br>Vor dem Servieren kurz ruhen lassen.<br>Kalorien: ca. 930 kcal.;930
Auflauf - Süßkartoffel-Feta-Auflauf;Ofenauflauf mit Süßkartoffel, Spinat und Feta.;Batate/Süßkartoffel, roh:280|Spinat roh:130|Feta mind. 45 % Fett i. Tr.:70|Joghurt mild, mind. 3,5 % Fett:100|Speisezwiebel roh:40|Olivenöl:8|Speisesalz/Siedesalz/Tafelsalz:2|Pfeffer schwarz, getrocknet:1;Backofen auf 190 °C vorheizen.<br>Sättigungsbeilage vorgaren und Gemüse vorbereiten.<br>Alles mit Sauce oder Milchprodukt in eine Form geben.<br>Mit Käse bestreuen und 25 bis 35 Minuten backen.<br>Vor dem Servieren kurz ruhen lassen.<br>Kalorien: ca. 710 kcal.;710
Auflauf - Reis-Gemüse-Auflauf;Vegetarischer Reisauflauf mit Paprika, Mais und Käse.;Reis parboiled, poliert, roh:80|Gemüsepaprika rot, roh:90|Zucchini roh:100|Zuckermais Konserve, abgetropft:80|Milch fettarm, frisch, 1,5 % Fett, pasteurisiert:120|Emmentaler mind. 45 % Fett i. Tr.:55|Speisesalz/Siedesalz/Tafelsalz:2|Pfeffer schwarz, getrocknet:1;Backofen auf 190 °C vorheizen.<br>Sättigungsbeilage vorgaren und Gemüse vorbereiten.<br>Alles mit Sauce oder Milchprodukt in eine Form geben.<br>Mit Käse bestreuen und 25 bis 35 Minuten backen.<br>Vor dem Servieren kurz ruhen lassen.<br>Kalorien: ca. 650 kcal.;650
Auflauf - Lachs-Spinat-Kartoffel-Auflauf;Sättigender Auflauf mit Lachs, Spinat und Kartoffeln.;Kartoffel geschält, roh:250|Lachs roh:140|Spinat roh:130|Schlagsahne mind. 30 % Fett:50|Milch fettarm, frisch, 1,5 % Fett, pasteurisiert:120|Mozzarella mind. 45 % Fett i. Tr.:50|Zitronensaft:10|Speisesalz/Siedesalz/Tafelsalz:2|Pfeffer schwarz, getrocknet:1;Backofen auf 190 °C vorheizen.<br>Sättigungsbeilage vorgaren und Gemüse vorbereiten.<br>Alles mit Sauce oder Milchprodukt in eine Form geben.<br>Mit Käse bestreuen und 25 bis 35 Minuten backen.<br>Vor dem Servieren kurz ruhen lassen.<br>Kalorien: ca. 830 kcal.;830
Auflauf - Vegane Tofu-Gemüse-Lasagne-Art;Pflanzlicher Auflauf mit Tofu, Gemüse und Tomatensauce.;Vollkornteigwaren eifrei, roh:85|Tofu:140|Tomaten passiert/Tomatenpüree:240|Zucchini roh:100|Aubergine roh:100|Käsealternative Mozzarella-Art, vegan:60|Speisezwiebel roh:50|Knoblauch roh:5|Olivenöl:8|Speisesalz/Siedesalz/Tafelsalz:2|Pfeffer schwarz, getrocknet:1;Backofen auf 190 °C vorheizen.<br>Sättigungsbeilage vorgaren und Gemüse vorbereiten.<br>Alles mit Sauce oder Milchprodukt in eine Form geben.<br>Mit Käse bestreuen und 25 bis 35 Minuten backen.<br>Vor dem Servieren kurz ruhen lassen.<br>Kalorien: ca. 780 kcal.;780
Omelett - Champignon-Käse-Omelett;Schnelles Omelett mit Champignons und Gouda.;Hühnerei roh:150|Milch fettarm, frisch, 1,5 % Fett, pasteurisiert:40|Champignon roh:120|Gouda 48 % Fett i. Tr.:35|Speisezwiebel roh:30|Rapsöl/Rüböl:8|Speisesalz/Siedesalz/Tafelsalz:2|Pfeffer schwarz, getrocknet:1;Eier mit Milch oder Joghurt verquirlen und würzen.<br>Gemüse klein schneiden und in Öl kurz anbraten.<br>Eimasse darübergeben und bei mittlerer Hitze stocken lassen.<br>Nach Wunsch Käse oder Kräuter zugeben.<br>Omelett zusammenklappen und servieren.<br>Kalorien: ca. 470 kcal.;470
Omelett - Spinat-Feta-Omelett;Proteinreiches Omelett mit Spinat und Feta.;Hühnerei roh:150|Spinat roh:100|Feta mind. 45 % Fett i. Tr.:45|Milch fettarm, frisch, 1,5 % Fett, pasteurisiert:40|Rapsöl/Rüböl:8|Speisesalz/Siedesalz/Tafelsalz:2|Pfeffer schwarz, getrocknet:1;Eier mit Milch oder Joghurt verquirlen und würzen.<br>Gemüse klein schneiden und in Öl kurz anbraten.<br>Eimasse darübergeben und bei mittlerer Hitze stocken lassen.<br>Nach Wunsch Käse oder Kräuter zugeben.<br>Omelett zusammenklappen und servieren.<br>Kalorien: ca. 440 kcal.;440
Omelett - Tomate-Mozzarella-Omelett;Omelett mit Tomate, Mozzarella und Basilikum.;Hühnerei roh:150|Tomate roh:110|Mozzarella mind. 45 % Fett i. Tr.:50|Basilikum roh:8|Milch fettarm, frisch, 1,5 % Fett, pasteurisiert:35|Rapsöl/Rüböl:8|Speisesalz/Siedesalz/Tafelsalz:2|Pfeffer schwarz, getrocknet:1;Eier mit Milch oder Joghurt verquirlen und würzen.<br>Gemüse klein schneiden und in Öl kurz anbraten.<br>Eimasse darübergeben und bei mittlerer Hitze stocken lassen.<br>Nach Wunsch Käse oder Kräuter zugeben.<br>Omelett zusammenklappen und servieren.<br>Kalorien: ca. 450 kcal.;450
Omelett - Paprika-Schinken-Omelett;Herzhaftes Omelett mit Paprika und Schinken.;Hühnerei roh:150|Gemüsepaprika rot, roh:100|Schwein Rohschinken, mager, Rohpökelware, geräuchert:45|Gouda 48 % Fett i. Tr.:30|Milch fettarm, frisch, 1,5 % Fett, pasteurisiert:35|Rapsöl/Rüböl:8|Speisesalz/Siedesalz/Tafelsalz:2|Pfeffer schwarz, getrocknet:1;Eier mit Milch oder Joghurt verquirlen und würzen.<br>Gemüse klein schneiden und in Öl kurz anbraten.<br>Eimasse darübergeben und bei mittlerer Hitze stocken lassen.<br>Nach Wunsch Käse oder Kräuter zugeben.<br>Omelett zusammenklappen und servieren.<br>Kalorien: ca. 500 kcal.;500
Omelett - Zucchini-Parmesan-Omelett;Feines Omelett mit Zucchini und Parmesan.;Hühnerei roh:150|Zucchini roh:130|Parmesan mind. 30 % Fett i. Tr.:25|Milch fettarm, frisch, 1,5 % Fett, pasteurisiert:35|Rapsöl/Rüböl:8|Speisesalz/Siedesalz/Tafelsalz:2|Pfeffer schwarz, getrocknet:1;Eier mit Milch oder Joghurt verquirlen und würzen.<br>Gemüse klein schneiden und in Öl kurz anbraten.<br>Eimasse darübergeben und bei mittlerer Hitze stocken lassen.<br>Nach Wunsch Käse oder Kräuter zugeben.<br>Omelett zusammenklappen und servieren.<br>Kalorien: ca. 420 kcal.;420
Omelett - Lachs-Rucola-Omelett;Omelett mit Räucherlachs, Rucola und Frischkäse.;Hühnerei roh:150|Lachs geräuchert (Räucherlachs):60|Rucola roh:35|Frischkäsezubereitung Natur, mind. 60 % Fett i. Tr.:35|Milch fettarm, frisch, 1,5 % Fett, pasteurisiert:30|Rapsöl/Rüböl:8|Zitronensaft:8|Pfeffer schwarz, getrocknet:1;Eier mit Milch oder Joghurt verquirlen und würzen.<br>Gemüse klein schneiden und in Öl kurz anbraten.<br>Eimasse darübergeben und bei mittlerer Hitze stocken lassen.<br>Nach Wunsch Käse oder Kräuter zugeben.<br>Omelett zusammenklappen und servieren.<br>Kalorien: ca. 490 kcal.;490
Wrap - Hähnchen-Avocado-Wrap;Sättigender Wrap mit Hähnchen, Avocado und Salat.;Weizentortilla:90|Hähnchen Brust, ohne Haut, roh:120|Avocado roh:60|Eisbergsalat roh:50|Tomate roh:80|Joghurt mild, mind. 3,5 % Fett:50|Zitronensaft:8|Rapsöl/Rüböl:8|Speisesalz/Siedesalz/Tafelsalz:2|Pfeffer schwarz, getrocknet:1;Tortilla kurz erwärmen.<br>Gemüse waschen und in Streifen schneiden.<br>Protein braten oder abtropfen lassen.<br>Wrap mit Sauce bestreichen, füllen und eng einrollen.<br>Optional kurz in der Pfanne anrösten.<br>Kalorien: ca. 610 kcal.;610
Wrap - Thunfisch-Gurken-Wrap;Frischer Wrap mit Thunfisch, Gurke und Joghurtcreme.;Weizentortilla:90|Thunfisch im eigenen Saft, Konserve, abgetropft:110|Gurke roh:100|Eisbergsalat roh:50|Joghurt mild, mind. 3,5 % Fett:60|Tomatenmark:10|Zitronensaft:8|Speisesalz/Siedesalz/Tafelsalz:2|Pfeffer schwarz, getrocknet:1;Tortilla kurz erwärmen.<br>Gemüse waschen und in Streifen schneiden.<br>Protein braten oder abtropfen lassen.<br>Wrap mit Sauce bestreichen, füllen und eng einrollen.<br>Optional kurz in der Pfanne anrösten.<br>Kalorien: ca. 450 kcal.;450
Wrap - Falafel-Art Kichererbsen-Wrap;Pflanzlicher Wrap mit Kichererbsen, Salat und Tahin.;Weizentortilla:90|Kichererbse reif, Konserve, abgetropft:150|Eisbergsalat roh:50|Tomate roh:80|Gurke roh:80|Tahin (Sesammus):22|Zitronensaft:10|Speisesalz/Siedesalz/Tafelsalz:2|Pfeffer schwarz, getrocknet:1;Tortilla kurz erwärmen.<br>Gemüse waschen und in Streifen schneiden.<br>Protein braten oder abtropfen lassen.<br>Wrap mit Sauce bestreichen, füllen und eng einrollen.<br>Optional kurz in der Pfanne anrösten.<br>Kalorien: ca. 650 kcal.;650
Wrap - Feta-Gemüse-Wrap;Vegetarischer Wrap mit Feta und knackigem Gemüse.;Weizentortilla:90|Feta mind. 45 % Fett i. Tr.:70|Gemüsepaprika gelb, roh:80|Gurke roh:80|Tomate roh:80|Rucola roh:35|Joghurt mild, mind. 3,5 % Fett:40|Speisesalz/Siedesalz/Tafelsalz:2|Pfeffer schwarz, getrocknet:1;Tortilla kurz erwärmen.<br>Gemüse waschen und in Streifen schneiden.<br>Protein braten oder abtropfen lassen.<br>Wrap mit Sauce bestreichen, füllen und eng einrollen.<br>Optional kurz in der Pfanne anrösten.<br>Kalorien: ca. 560 kcal.;560
Wrap - Rindhack-Bohnen-Wrap;Kräftiger Wrap mit Rindhack, Kidneybohnen und Mais.;Weizentortilla:90|Rind Hackfleisch, roh:120|Kidneybohne reif, Konserve, abgetropft:100|Zuckermais Konserve, abgetropft:70|Tomaten passiert/Tomatenpüree:80|Speisezwiebel roh:40|Rapsöl/Rüböl:8|Speisesalz/Siedesalz/Tafelsalz:2|Pfeffer schwarz, getrocknet:1;Tortilla kurz erwärmen.<br>Gemüse waschen und in Streifen schneiden.<br>Protein braten oder abtropfen lassen.<br>Wrap mit Sauce bestreichen, füllen und eng einrollen.<br>Optional kurz in der Pfanne anrösten.<br>Kalorien: ca. 830 kcal.;830
Wrap - Tofu-Soja-Wrap;Veganer Wrap mit Tofu, Gemüse und Sojasauce.;Weizentortilla:90|Tofu:140|Gemüsepaprika rot, roh:80|Gurke roh:80|Eisbergsalat roh:50|Sojasauce/Sojasoße:15|Rapsöl/Rüböl:8|Limette roh:25|Pfeffer schwarz, getrocknet:1;Tortilla kurz erwärmen.<br>Gemüse waschen und in Streifen schneiden.<br>Protein braten oder abtropfen lassen.<br>Wrap mit Sauce bestreichen, füllen und eng einrollen.<br>Optional kurz in der Pfanne anrösten.<br>Kalorien: ca. 570 kcal.;570
Pfannengericht - Hähnchen-Reis-Pfanne;Schnelle Reis-Pfanne mit Hähnchen und Gemüse.;Reis parboiled, poliert, roh:85|Hähnchen Brust, ohne Haut, roh:140|Zucchini roh:100|Gemüsepaprika rot, roh:80|Erbse grün, tiefgefroren:70|Sojasauce/Sojasoße:15|Rapsöl/Rüböl:10|Knoblauch roh:5|Pfeffer schwarz, getrocknet:1;Alle Zutaten vorbereiten und klein schneiden.<br>Öl in einer großen Pfanne erhitzen.<br>Protein zuerst anbraten, dann Gemüse zugeben.<br>Beilage oder Sauce einrühren und alles fertig garen.<br>Mit Salz, Pfeffer und Kräutern abschmecken.<br>Kalorien: ca. 650 kcal.;650
Pfannengericht - Kartoffel-Gemüse-Pfanne;Rustikale Kartoffelpfanne mit Ei und Gemüse.;Kartoffel geschält, roh:280|Hühnerei roh:100|Zucchini roh:100|Champignon roh:100|Speisezwiebel roh:50|Rapsöl/Rüböl:12|Speisesalz/Siedesalz/Tafelsalz:2|Pfeffer schwarz, getrocknet:1;Alle Zutaten vorbereiten und klein schneiden.<br>Öl in einer großen Pfanne erhitzen.<br>Protein zuerst anbraten, dann Gemüse zugeben.<br>Beilage oder Sauce einrühren und alles fertig garen.<br>Mit Salz, Pfeffer und Kräutern abschmecken.<br>Kalorien: ca. 550 kcal.;550
Pfannengericht - Tofu-Broccoli-Pfanne;Vegane Pfanne mit Tofu, Broccoli und Sojasauce.;Tofu:160|Broccoli roh:180|Reisnudeln roh:80|Sojasauce/Sojasoße:18|Ingwer/Ingwerwurzel, roh:8|Knoblauch roh:5|Rapsöl/Rüböl:10|Sesam:8;Alle Zutaten vorbereiten und klein schneiden.<br>Öl in einer großen Pfanne erhitzen.<br>Protein zuerst anbraten, dann Gemüse zugeben.<br>Beilage oder Sauce einrühren und alles fertig garen.<br>Mit Salz, Pfeffer und Kräutern abschmecken.<br>Kalorien: ca. 690 kcal.;690
Pfannengericht - Garnelen-Zucchini-Pfanne;Leichte Pfanne mit Garnelen, Zucchini und Couscous.;Couscous (Hartweizen) roh:80|Garnele/Granat/Krabbe, roh:150|Zucchini roh:150|Tomate roh:100|Knoblauch roh:5|Olivenöl:10|Zitronensaft:10|Speisesalz/Siedesalz/Tafelsalz:2|Pfeffer schwarz, getrocknet:1;Alle Zutaten vorbereiten und klein schneiden.<br>Öl in einer großen Pfanne erhitzen.<br>Protein zuerst anbraten, dann Gemüse zugeben.<br>Beilage oder Sauce einrühren und alles fertig garen.<br>Mit Salz, Pfeffer und Kräutern abschmecken.<br>Kalorien: ca. 570 kcal.;570
Pfannengericht - Rindhack-Gemüse-Pfanne;Deftige Pfanne mit Rindhack, Paprika und Kidneybohnen.;Rind Hackfleisch, roh:150|Kidneybohne reif, Konserve, abgetropft:110|Gemüsepaprika gelb, roh:90|Tomaten passiert/Tomatenpüree:120|Speisezwiebel roh:50|Knoblauch roh:5|Rapsöl/Rüböl:10|Speisesalz/Siedesalz/Tafelsalz:2|Pfeffer schwarz, getrocknet:1;Alle Zutaten vorbereiten und klein schneiden.<br>Öl in einer großen Pfanne erhitzen.<br>Protein zuerst anbraten, dann Gemüse zugeben.<br>Beilage oder Sauce einrühren und alles fertig garen.<br>Mit Salz, Pfeffer und Kräutern abschmecken.<br>Kalorien: ca. 650 kcal.;650
Pfannengericht - Lachs-Spinat-Pfanne;Cremige Pfanne mit Lachs, Spinat und Kartoffeln.;Lachs roh:140|Kartoffel geschält, roh:220|Spinat roh:120|Joghurt mild, mind. 3,5 % Fett:80|Speisezwiebel roh:40|Rapsöl/Rüböl:10|Zitronensaft:10|Speisesalz/Siedesalz/Tafelsalz:2|Pfeffer schwarz, getrocknet:1;Alle Zutaten vorbereiten und klein schneiden.<br>Öl in einer großen Pfanne erhitzen.<br>Protein zuerst anbraten, dann Gemüse zugeben.<br>Beilage oder Sauce einrühren und alles fertig garen.<br>Mit Salz, Pfeffer und Kräutern abschmecken.<br>Kalorien: ca. 620 kcal.;620
Ofengericht - Hähnchen-Gemüse-Blech;Einfaches Blechgericht mit Hähnchen, Kartoffeln und Gemüse.;Hähnchen Brust, ohne Haut, roh:150|Kartoffel geschält, roh:260|Karotte/Möhre, roh:100|Zucchini roh:100|Gemüsepaprika rot, roh:80|Olivenöl:12|Speisesalz/Siedesalz/Tafelsalz:2|Pfeffer schwarz, getrocknet:1;Backofen auf 200 °C vorheizen.<br>Gemüse und Sättigungsbeilage schneiden und mit Öl würzen.<br>Protein dazugeben und alles auf einem Blech verteilen.<br>25 bis 40 Minuten backen, zwischendurch wenden.<br>Mit Zitronensaft oder Sauce servieren.<br>Kalorien: ca. 580 kcal.;580
Ofengericht - Lachs mit Broccoli und Süßkartoffel;Ofenlachs mit Gemüse und Süßkartoffel.;Lachs roh:150|Batate/Süßkartoffel, roh:240|Broccoli roh:160|Olivenöl:12|Zitronensaft:12|Speisesalz/Siedesalz/Tafelsalz:2|Pfeffer schwarz, getrocknet:1;Backofen auf 200 °C vorheizen.<br>Gemüse und Sättigungsbeilage schneiden und mit Öl würzen.<br>Protein dazugeben und alles auf einem Blech verteilen.<br>25 bis 40 Minuten backen, zwischendurch wenden.<br>Mit Zitronensaft oder Sauce servieren.<br>Kalorien: ca. 730 kcal.;730
Ofengericht - Kabeljau in Tomaten-Gemüse;Leichtes Fischgericht aus dem Ofen mit Tomaten und Zucchini.;Dorsch/Kabeljau, roh:170|Tomaten passiert/Tomatenpüree:180|Zucchini roh:120|Tomate roh:100|Speisezwiebel roh:50|Knoblauch roh:5|Olivenöl:10|Speisesalz/Siedesalz/Tafelsalz:2|Pfeffer schwarz, getrocknet:1;Backofen auf 200 °C vorheizen.<br>Gemüse und Sättigungsbeilage schneiden und mit Öl würzen.<br>Protein dazugeben und alles auf einem Blech verteilen.<br>25 bis 40 Minuten backen, zwischendurch wenden.<br>Mit Zitronensaft oder Sauce servieren.<br>Kalorien: ca. 350 kcal.;350
Ofengericht - Gefüllte Paprika mit Bulgur;Paprika aus dem Ofen mit Bulgur, Feta und Tomatensauce.;Gemüsepaprika rot, roh:220|Bulgur (Hartweizen) roh:75|Feta mind. 45 % Fett i. Tr.:60|Tomaten passiert/Tomatenpüree:160|Speisezwiebel roh:50|Olivenöl:10|Speisesalz/Siedesalz/Tafelsalz:2|Pfeffer schwarz, getrocknet:1;Backofen auf 200 °C vorheizen.<br>Gemüse und Sättigungsbeilage schneiden und mit Öl würzen.<br>Protein dazugeben und alles auf einem Blech verteilen.<br>25 bis 40 Minuten backen, zwischendurch wenden.<br>Mit Zitronensaft oder Sauce servieren.<br>Kalorien: ca. 670 kcal.;670
Ofengericht - Veganes Tofu-Gemüse-Blech;Veganes Blechgericht mit Tofu, Broccoli und Kichererbsen.;Tofu:160|Kichererbse reif, Konserve, abgetropft:120|Broccoli roh:150|Karotte/Möhre, roh:100|Zucchini roh:100|Rapsöl/Rüböl:12|Sojasauce/Sojasoße:15|Pfeffer schwarz, getrocknet:1;Backofen auf 200 °C vorheizen.<br>Gemüse und Sättigungsbeilage schneiden und mit Öl würzen.<br>Protein dazugeben und alles auf einem Blech verteilen.<br>25 bis 40 Minuten backen, zwischendurch wenden.<br>Mit Zitronensaft oder Sauce servieren.<br>Kalorien: ca. 580 kcal.;580
Ofengericht - Camembert-Kartoffel-Gemüse;Vegetarisches Ofengericht mit Kartoffeln, Gemüse und Camembert.;Kartoffel geschält, roh:260|Camembert mind. 45 % Fett i. Tr.:80|Champignon roh:120|Tomate roh:100|Speisezwiebel roh:50|Olivenöl:10|Speisesalz/Siedesalz/Tafelsalz:2|Pfeffer schwarz, getrocknet:1;Backofen auf 200 °C vorheizen.<br>Gemüse und Sättigungsbeilage schneiden und mit Öl würzen.<br>Protein dazugeben und alles auf einem Blech verteilen.<br>25 bis 40 Minuten backen, zwischendurch wenden.<br>Mit Zitronensaft oder Sauce servieren.<br>Kalorien: ca. 590 kcal.;590
Kuchen - Apfel-Hafer-Kuchen;Saftiger Kuchen mit Apfel, Haferflocken und Joghurt.;Weizen Mehl, Type 405:120|Hafer Flocken:60|Apfel roh:180|Hühnerei roh:100|Joghurt mild, mind. 3,5 % Fett:120|Zucker weiß (Raffinadezucker/Weißzucker):60|Butter mild gesäuert:50|Backpulver:5;Backofen auf 180 °C vorheizen.<br>Trockene Zutaten mischen und feuchte Zutaten einrühren.<br>Obst oder Nüsse unterheben.<br>Teig in eine Form füllen und 30 bis 45 Minuten backen.<br>Abkühlen lassen und portionieren.<br>Kalorien: ca. 1560 kcal.;1560
Kuchen - Bananen-Schoko-Kuchen;Einfacher Bananenkuchen mit Kakao.;Weizen Mehl, Type 405:140|Banane roh:200|Hühnerei roh:100|Kakaopulver schwach entölt:20|Zucker weiß (Raffinadezucker/Weißzucker):55|Butter mild gesäuert:55|Backpulver:5|Milch fettarm, frisch, 1,5 % Fett, pasteurisiert:80;Backofen auf 180 °C vorheizen.<br>Trockene Zutaten mischen und feuchte Zutaten einrühren.<br>Obst oder Nüsse unterheben.<br>Teig in eine Form füllen und 30 bis 45 Minuten backen.<br>Abkühlen lassen und portionieren.<br>Kalorien: ca. 1520 kcal.;1520
Kuchen - Karotten-Walnuss-Kuchen;Saftiger Karottenkuchen mit Walnüssen.;Weizen Mehl, Type 405:130|Karotte/Möhre, roh:180|Walnuss:45|Hühnerei roh:100|Zucker braun (Kandisfarin/Rohzucker):60|Sonnenblumenöl:50|Backpulver:5|Joghurt mild, mind. 3,5 % Fett:80;Backofen auf 180 °C vorheizen.<br>Trockene Zutaten mischen und feuchte Zutaten einrühren.<br>Obst oder Nüsse unterheben.<br>Teig in eine Form füllen und 30 bis 45 Minuten backen.<br>Abkühlen lassen und portionieren.<br>Kalorien: ca. 1720 kcal.;1720
Kuchen - Beeren-Quark-Kuchen;Fruchtiger Kuchen mit Quark und Beeren.;Weizen Mehl, Type 405:120|Speisequark Magerstufe, Magerquark < 10 % Fett i. Tr.:180|Hühnerei roh:100|Himbeere roh:120|Heidelbeere roh:100|Zucker weiß (Raffinadezucker/Weißzucker):60|Butter mild gesäuert:45|Backpulver:5;Backofen auf 180 °C vorheizen.<br>Trockene Zutaten mischen und feuchte Zutaten einrühren.<br>Obst oder Nüsse unterheben.<br>Teig in eine Form füllen und 30 bis 45 Minuten backen.<br>Abkühlen lassen und portionieren.<br>Kalorien: ca. 1360 kcal.;1360
Kuchen - Zitronen-Mandel-Kuchen;Heller Rührkuchen mit Mandel und Zitrone.;Weizen Mehl, Type 405:130|Mandel süß:50|Hühnerei roh:100|Zucker weiß (Raffinadezucker/Weißzucker):65|Butter mild gesäuert:55|Zitronensaft:18|Backpulver:5|Milch fettarm, frisch, 1,5 % Fett, pasteurisiert:80;Backofen auf 180 °C vorheizen.<br>Trockene Zutaten mischen und feuchte Zutaten einrühren.<br>Obst oder Nüsse unterheben.<br>Teig in eine Form füllen und 30 bis 45 Minuten backen.<br>Abkühlen lassen und portionieren.<br>Kalorien: ca. 1580 kcal.;1580
Kuchen - Kokos-Ananas-Kuchen;Tropischer Kuchen mit Kokos und Ananas.;Weizen Mehl, Type 405:130|Kokos Fruchtfleisch, geraspelt, getrocknet:45|Ananas gezuckert, Konserve, abgetropft:160|Hühnerei roh:100|Zucker weiß (Raffinadezucker/Weißzucker):55|Butter mild gesäuert:50|Backpulver:5|Milch fettarm, frisch, 1,5 % Fett, pasteurisiert:80;Backofen auf 180 °C vorheizen.<br>Trockene Zutaten mischen und feuchte Zutaten einrühren.<br>Obst oder Nüsse unterheben.<br>Teig in eine Form füllen und 30 bis 45 Minuten backen.<br>Abkühlen lassen und portionieren.<br>Kalorien: ca. 1620 kcal.;1620
Kekse - Hafer-Bananen-Kekse;Weiche Haferkekse mit Banane und wenig Zucker.;Hafer Flocken:120|Banane roh:160|Weizen Mehl, Type 405:60|Butter mild gesäuert:35|Zucker braun (Kandisfarin/Rohzucker):35|Backpulver:4;Backofen auf 175 °C vorheizen.<br>Zutaten zu einem formbaren Teig verkneten.<br>Kleine Portionen abnehmen und auf ein Backblech setzen.<br>10 bis 14 Minuten backen, bis die Ränder leicht fest sind.<br>Auf dem Blech auskühlen lassen.<br>Kalorien: ca. 1150 kcal.;1150
Kekse - Schoko-Hafer-Kekse;Knusprige Kekse mit Haferflocken und Kakao.;Hafer Flocken:110|Weizen Mehl, Type 405:80|Kakaopulver schwach entölt:18|Hühnerei roh:50|Butter mild gesäuert:55|Zucker weiß (Raffinadezucker/Weißzucker):55|Backpulver:4;Backofen auf 175 °C vorheizen.<br>Zutaten zu einem formbaren Teig verkneten.<br>Kleine Portionen abnehmen und auf ein Backblech setzen.<br>10 bis 14 Minuten backen, bis die Ränder leicht fest sind.<br>Auf dem Blech auskühlen lassen.<br>Kalorien: ca. 1430 kcal.;1430
Kekse - Mandel-Zitronen-Kekse;Feine Kekse mit Mandel und Zitronensaft.;Weizen Mehl, Type 405:120|Mandel süß:60|Hühnerei roh:50|Butter mild gesäuert:55|Zucker weiß (Raffinadezucker/Weißzucker):55|Zitronensaft:12|Backpulver:4;Backofen auf 175 °C vorheizen.<br>Zutaten zu einem formbaren Teig verkneten.<br>Kleine Portionen abnehmen und auf ein Backblech setzen.<br>10 bis 14 Minuten backen, bis die Ränder leicht fest sind.<br>Auf dem Blech auskühlen lassen.<br>Kalorien: ca. 1450 kcal.;1450
Kekse - Erdnuss-Kekse;Schnelle Kekse mit Erdnussbutter.;Weizen Mehl, Type 405:110|Erdnussbutter/Erdnusscreme:70|Hühnerei roh:50|Zucker braun (Kandisfarin/Rohzucker):55|Butter mild gesäuert:35|Backpulver:4;Backofen auf 175 °C vorheizen.<br>Zutaten zu einem formbaren Teig verkneten.<br>Kleine Portionen abnehmen und auf ein Backblech setzen.<br>10 bis 14 Minuten backen, bis die Ränder leicht fest sind.<br>Auf dem Blech auskühlen lassen.<br>Kalorien: ca. 1350 kcal.;1350
Kekse - Kokos-Kekse;Einfache Kokoskekse mit geraspelter Kokosnuss.;Weizen Mehl, Type 405:100|Kokos Fruchtfleisch, geraspelt, getrocknet:70|Hühnerei roh:50|Zucker weiß (Raffinadezucker/Weißzucker):55|Butter mild gesäuert:45|Backpulver:4;Backofen auf 175 °C vorheizen.<br>Zutaten zu einem formbaren Teig verkneten.<br>Kleine Portionen abnehmen und auf ein Backblech setzen.<br>10 bis 14 Minuten backen, bis die Ränder leicht fest sind.<br>Auf dem Blech auskühlen lassen.<br>Kalorien: ca. 1450 kcal.;1450
Kekse - Rosinen-Hafer-Kekse;Haferkekse mit Rosinen und Nüssen.;Hafer Flocken:120|Rosine/Sultanine (Weinbeere getrocknet):50|Walnuss:35|Weizen Mehl, Type 405:70|Hühnerei roh:50|Butter mild gesäuert:45|Zucker braun (Kandisfarin/Rohzucker):45|Backpulver:4;Backofen auf 175 °C vorheizen.<br>Zutaten zu einem formbaren Teig verkneten.<br>Kleine Portionen abnehmen und auf ein Backblech setzen.<br>10 bis 14 Minuten backen, bis die Ränder leicht fest sind.<br>Auf dem Blech auskühlen lassen.<br>Kalorien: ca. 1640 kcal.;1640
Smoothie - Banane-Erdbeer-Smoothie;Cremiger Smoothie mit Banane, Erdbeeren und Joghurt.;Banane roh:140|Erdbeere roh:160|Joghurt mild, mind. 3,5 % Fett:180|Milch fettarm, frisch, 1,5 % Fett, pasteurisiert:120|Blütenhonig (Nektarhonig):12;Obst und Gemüse waschen und grob schneiden.<br>Alles mit Getränk oder Joghurt in einen Mixer geben.<br>Fein pürieren und bei Bedarf mit Wasser verdünnen.<br>Sofort gekühlt servieren.<br>Kalorien: ca. 380 kcal.;380
Smoothie - Mango-Kokos-Smoothie;Tropischer Smoothie mit Mango und Kokoswasser.;Mango roh:180|Banane roh:100|Kokoswasser (Fruchtwasser):180|Joghurt mild, mind. 3,5 % Fett:100|Limette roh:25;Obst und Gemüse waschen und grob schneiden.<br>Alles mit Getränk oder Joghurt in einen Mixer geben.<br>Fein pürieren und bei Bedarf mit Wasser verdünnen.<br>Sofort gekühlt servieren.<br>Kalorien: ca. 280 kcal.;280
Smoothie - Beeren-Hafer-Smoothie;Sättigender Smoothie mit Beeren und Haferflocken.;Himbeere roh:120|Heidelbeere roh:120|Hafer Flocken:35|Mandeldrink ungesüßt:220|Speisequark Magerstufe, Magerquark < 10 % Fett i. Tr.:100|Blütenhonig (Nektarhonig):10;Obst und Gemüse waschen und grob schneiden.<br>Alles mit Getränk oder Joghurt in einen Mixer geben.<br>Fein pürieren und bei Bedarf mit Wasser verdünnen.<br>Sofort gekühlt servieren.<br>Kalorien: ca. 400 kcal.;400
Smoothie - Grüner Kiwi-Spinat-Smoothie;Frischer grüner Smoothie mit Kiwi, Spinat und Apfel.;Kiwi roh:120|Spinat roh:60|Apfel roh:140|Gurke roh:100|Trinkwasser:200|Zitronensaft:10;Obst und Gemüse waschen und grob schneiden.<br>Alles mit Getränk oder Joghurt in einen Mixer geben.<br>Fein pürieren und bei Bedarf mit Wasser verdünnen.<br>Sofort gekühlt servieren.<br>Kalorien: ca. 180 kcal.;180
Smoothie - Schoko-Bananen-Smoothie;Süßer Smoothie mit Banane, Kakao und Mandeldrink.;Banane roh:180|Mandeldrink ungesüßt:250|Kakaopulver schwach entölt:12|Erdnussbutter/Erdnusscreme:20|Hafer Flocken:25;Obst und Gemüse waschen und grob schneiden.<br>Alles mit Getränk oder Joghurt in einen Mixer geben.<br>Fein pürieren und bei Bedarf mit Wasser verdünnen.<br>Sofort gekühlt servieren.<br>Kalorien: ca. 450 kcal.;450
Smoothie - Orange-Karotte-Ingwer-Smoothie;Fruchtiger Smoothie mit Orange, Karotte und Ingwer.;Orange roh:180|Karotte/Möhre, roh:120|Apfelsaft:160|Ingwer/Ingwerwurzel, roh:6|Zitronensaft:10;Obst und Gemüse waschen und grob schneiden.<br>Alles mit Getränk oder Joghurt in einen Mixer geben.<br>Fein pürieren und bei Bedarf mit Wasser verdünnen.<br>Sofort gekühlt servieren.<br>Kalorien: ca. 210 kcal.;210
Frühstück - Porridge mit Apfel und Walnuss;Warm gekochter Haferbrei mit Apfel und Walnüssen.;Hafer Flocken:70|Milch fettarm, frisch, 1,5 % Fett, pasteurisiert:220|Apfel roh:150|Walnuss:25|Blütenhonig (Nektarhonig):12;Basiszutaten in einer Schüssel verrühren oder kurz kochen.<br>Obst waschen und schneiden.<br>Nüsse, Samen oder Süße ergänzen.<br>Kurz ziehen lassen und servieren.<br>Kalorien: ca. 650 kcal.;650
Frühstück - Joghurt-Beeren-Bowl;Schnelles Frühstück mit Joghurt, Beeren und Hafer.;Joghurt mild, mind. 3,5 % Fett:220|Hafer Flocken:55|Erdbeere roh:100|Himbeere roh:80|Mandel süß:25|Blütenhonig (Nektarhonig):10;Basiszutaten in einer Schüssel verrühren oder kurz kochen.<br>Obst waschen und schneiden.<br>Nüsse, Samen oder Süße ergänzen.<br>Kurz ziehen lassen und servieren.<br>Kalorien: ca. 580 kcal.;580
Frühstück - Quark-Bananen-Frühstück;Eiweißreiches Frühstück mit Quark, Banane und Nüssen.;Speisequark Magerstufe, Magerquark < 10 % Fett i. Tr.:250|Banane roh:140|Hafer Flocken:45|Haselnuss:25|Blütenhonig (Nektarhonig):10;Basiszutaten in einer Schüssel verrühren oder kurz kochen.<br>Obst waschen und schneiden.<br>Nüsse, Samen oder Süße ergänzen.<br>Kurz ziehen lassen und servieren.<br>Kalorien: ca. 630 kcal.;630
Frühstück - Avocado-Ei-Toast;Herzhaftes Frühstück mit Avocado, Ei und Toast.;Weizentoastbrot/Buttertoastbrot:80|Avocado roh:80|Hühnerei roh:100|Tomate roh:80|Zitronensaft:8|Speisesalz/Siedesalz/Tafelsalz:2|Pfeffer schwarz, getrocknet:1;Basiszutaten in einer Schüssel verrühren oder kurz kochen.<br>Obst waschen und schneiden.<br>Nüsse, Samen oder Süße ergänzen.<br>Kurz ziehen lassen und servieren.<br>Kalorien: ca. 470 kcal.;470
Frühstück - Rührei mit Spinat und Champignons;Herzhaftes warmes Frühstück mit Ei und Gemüse.;Hühnerei roh:150|Spinat roh:80|Champignon roh:100|Milch fettarm, frisch, 1,5 % Fett, pasteurisiert:40|Rapsöl/Rüböl:8|Speisesalz/Siedesalz/Tafelsalz:2|Pfeffer schwarz, getrocknet:1;Basiszutaten in einer Schüssel verrühren oder kurz kochen.<br>Obst waschen und schneiden.<br>Nüsse, Samen oder Süße ergänzen.<br>Kurz ziehen lassen und servieren.<br>Kalorien: ca. 340 kcal.;340
Frühstück - Overnight Oats mit Mango;Vorbereitetes Frühstück mit Hafer, Mango und Joghurt.;Hafer Flocken:65|Joghurt mild, mind. 3,5 % Fett:180|Mango roh:150|Mandeldrink ungesüßt:100|Chia-Samen:15|Blütenhonig (Nektarhonig):10;Basiszutaten in einer Schüssel verrühren oder kurz kochen.<br>Obst waschen und schneiden.<br>Nüsse, Samen oder Süße ergänzen.<br>Kurz ziehen lassen und servieren.<br>Kalorien: ca. 560 kcal.;560
Dessert - Quark-Beeren-Creme;Leichtes Dessert mit Quark und Beeren.;Speisequark Magerstufe, Magerquark < 10 % Fett i. Tr.:220|Himbeere roh:100|Heidelbeere roh:100|Blütenhonig (Nektarhonig):15|Mandeldrink ungesüßt:50;Milchprodukt oder pflanzliche Alternative glatt rühren.<br>Obst vorbereiten und nach Bedarf kurz erwärmen.<br>Schichten oder cremig verrühren.<br>Kalt stellen oder direkt servieren.<br>Kalorien: ca. 310 kcal.;310
Dessert - Schoko-Bananen-Quark;Cremiges Dessert mit Banane und Kakao.;Speisequark Magerstufe, Magerquark < 10 % Fett i. Tr.:220|Banane roh:150|Kakaopulver schwach entölt:12|Blütenhonig (Nektarhonig):12|Milch fettarm, frisch, 1,5 % Fett, pasteurisiert:50;Milchprodukt oder pflanzliche Alternative glatt rühren.<br>Obst vorbereiten und nach Bedarf kurz erwärmen.<br>Schichten oder cremig verrühren.<br>Kalt stellen oder direkt servieren.<br>Kalorien: ca. 370 kcal.;370
Dessert - Joghurt-Mango-Schichtdessert;Fruchtiges Schichtdessert mit Mango und Joghurt.;Joghurt mild, mind. 3,5 % Fett:220|Mango roh:160|Hafer Flocken:35|Kokos Fruchtfleisch, geraspelt, getrocknet:18|Blütenhonig (Nektarhonig):10;Milchprodukt oder pflanzliche Alternative glatt rühren.<br>Obst vorbereiten und nach Bedarf kurz erwärmen.<br>Schichten oder cremig verrühren.<br>Kalt stellen oder direkt servieren.<br>Kalorien: ca. 520 kcal.;520
Dessert - Apfel-Walnuss-Dessert;Einfaches Dessert mit Apfel, Joghurt und Walnüssen.;Apfel roh:180|Joghurt mild, mind. 3,5 % Fett:200|Walnuss:25|Blütenhonig (Nektarhonig):12|Zitronensaft:8;Milchprodukt oder pflanzliche Alternative glatt rühren.<br>Obst vorbereiten und nach Bedarf kurz erwärmen.<br>Schichten oder cremig verrühren.<br>Kalt stellen oder direkt servieren.<br>Kalorien: ca. 460 kcal.;460
Dessert - Erdbeer-Sahne-Creme;Klassisches Dessert mit Erdbeeren, Sahne und Quark.;Erdbeere roh:180|Schlagsahne mind. 30 % Fett:70|Speisequark Magerstufe, Magerquark < 10 % Fett i. Tr.:150|Zucker weiß (Raffinadezucker/Weißzucker):25|Zitronensaft:8;Milchprodukt oder pflanzliche Alternative glatt rühren.<br>Obst vorbereiten und nach Bedarf kurz erwärmen.<br>Schichten oder cremig verrühren.<br>Kalt stellen oder direkt servieren.<br>Kalorien: ca. 490 kcal.;490
Dessert - Kokos-Ananas-Joghurt;Tropisches Dessert mit Ananas, Kokos und Joghurt.;Ananas gezuckert, Konserve, abgetropft:180|Joghurt mild, mind. 3,5 % Fett:220|Kokos Fruchtfleisch, geraspelt, getrocknet:25|Blütenhonig (Nektarhonig):10|Limette roh:25;Milchprodukt oder pflanzliche Alternative glatt rühren.<br>Obst vorbereiten und nach Bedarf kurz erwärmen.<br>Schichten oder cremig verrühren.<br>Kalt stellen oder direkt servieren.<br>Kalorien: ca. 460 kcal.;460
